2022,01,202201-artScan051.jpg,202201-artScan050.jpg,202201-artScan049.jpg,202201-artScan048.jpg,202201-artScan047.jpg,202201-artScan046.jpg,202201-artScan045.jpg,202201-artScan043.jpg,202201-artScan042.jpg,202201-artScan041.jpg,202201-artScan040.jpg,202201-artScan039.jpg,202201-artScan038.jpg,202201-artScan037.jpg,202201-artScan036.jpg,202201-artScan035.jpg,202201-artScan034.jpg,202201-artScan033.jpg,202201-artScan032.jpg,202201-artScan031.jpg,202201-artScan030.jpg,202201-artScan029.jpg,202201-artScan028.jpg,202201-artScan027.jpg,202201-artScan026.jpg,202201-artScan025.jpg,202201-artScan024.jpg,202201-artScan023.jpg,202201-artScan022.jpg,202201-artScan021.jpg,202201-artScan020.jpg,202201-artScan019.jpg,202201-artScan018.jpg,202201-artScan017.jpg,202201-artScan016.jpg,202201-artScan014.jpg,202201-artScan013.jpg,202201-artScan012.jpg,202201-artScan011.jpg,202201-artScan010.jpg,202201-artScan009.jpg,202201-artScan006.jpg,202201-artScan005.jpg,202201-artScan003.jpg,202201-artScan002.jpg,202201-artScan001.jpg
2022,02
2022,03
2022,04
2022,05
2022,06
2022,07
2022,08
2022,09
2022,10
2022,11
2022,12
